id,email,message,date
1,ccromar0@webmd.com,Centralized user-facing process improvement,2020-09-03
2,tcoburn1@europa.eu,Cross-group leading edge capacity,2021-03-05
3,mtoogood2@whitehouse.gov,Ergonomic 5th generation methodology,2020-10-22
4,efonte3@omniture.com,Grass-roots asymmetric capability,2021-02-27
5,fbohlin4@unicef.org,Down-sized actuating Graphical User Interface,2021-01-02
6,ksalzburger5@buzzfeed.com,Open-architected client-driven Graphic Interface,2021-04-30
7,kvobes6@mac.com,Grass-roots transitional implementation,2020-09-25
8,alatour7@blinklist.com,Programmable web-enabled policy,2020-10-05
9,omitrikhin8@xinhuanet.com,Profit-focused bifurcated service-desk,2020-05-25
10,ldominighi9@kickstarter.com,Adaptive scalable moderator,2020-10-15
11,kferreiroa@npr.org,Business-focused executive adapter,2020-05-20
12,ltebbuttb@blinklist.com,Reverse-engineered didactic hardware,2020-11-27
13,syakovlevc@slate.com,Realigned zero tolerance pricing structure,2021-05-07
14,gpaueld@odnoklassniki.ru,Stand-alone interactive data-warehouse,2020-12-03
15,sfearne@wix.com,Team-oriented national project,2020-07-18
16,sespyf@google.com,Networked didactic moratorium,2020-09-28
17,mdobeyg@github.com,Focused non-volatile contingency,2021-03-27
18,bpatchetth@printfriendly.com,Customizable uniform local area network,2021-02-17
19,wsandeveri@twitpic.com,Customizable attitude-oriented structure,2020-07-07
20,dcassleyj@wired.com,Profit-focused client-driven firmware,2021-03-14
21,sstablesk@posterous.com,Secured local monitoring,2020-08-09
22,rdellarl@uol.com.br,Sharable client-driven local area network,2020-06-07
23,rmckevinm@taobao.com,Focused coherent algorithm,2020-12-16
24,abodimeaden@spotify.com,Re-contextualized regional customer loyalty,2021-01-12
25,abaldeno@rambler.ru,Seamless 4th generation methodology,2021-03-08
