id,role,user_name,user_id
1,guest,alevison0,1
2,user,skondrat1,2
3,guest,lkarlmann2,3
4,admin,ptrighton3,4
5,guest,lgrinaway4,5
6,user,bbacop5,6
7,user,thrihorovich6,7
8,user,wgrigoliis7,8
9,user,etrippitt8,9
10,user,nsackett9,10
11,user,phellewella,11
12,user,cfarrimondb,12
13,user,msavaryc,13
14,user,fbawdend,14
15,user,jmayhoe,15
16,user,pkennsleyf,16
17,user,cperilliog,17
18,user,lebsworthh,18
19,user,kjoinseyi,19
20,user,sethertonj,20
21,user,etilliardk,21
22,user,dokeenanl,22
23,user,smoremanm,23
24,user,cpovahn,24
25,user,skarolyo,25
