id,first_name,last_name,user_name,password,date_of_birth
1,Austine,Levison,alevison0,uOol6w7,2003-08-25
2,Shelbi,Kondrat,skondrat1,4ZtfVH,1975-05-26
3,Lemmie,Karlmann,lkarlmann2,rTvqzv,1939-06-10
4,Purcell,Trighton,ptrighton3,FQg7VEcHWqoN,1984-05-11
5,Lee,Grinaway,lgrinaway4,3BdeS6HOa,1932-11-02
6,Bard,Bacop,bbacop5,xrCrFq,1964-01-27
7,Tallie,Hrihorovich,thrihorovich6,nLiUwFiALhqo,1926-02-17
8,Westleigh,Grigoliis,wgrigoliis7,WlLuWkxKOAw,1986-10-30
9,Elena,Trippitt,etrippitt8,5TarIlOq84,1975-06-19
10,Nolly,Sackett,nsackett9,SMkikSpP0,1941-12-24
11,Pietrek,Hellewell,phellewella,bJtKu15duE,1946-01-29
12,Carmine,Farrimond,cfarrimondb,ebEAMS2n,2001-03-02
13,Michelle,Savary,msavaryc,kNqafCA,1999-10-01
14,Filide,Bawden,fbawdend,eLiN41SX,1923-05-14
15,Jaimie,Mayho,jmayhoe,S8om4v,1933-07-01
16,Pearl,Kennsley,pkennsleyf,sPSUo0R,1928-01-25
17,Crystal,Perillio,cperilliog,5sd3bCi8aHT,1971-03-06
18,Lindsay,Ebsworth,lebsworthh,N8jiED0sfnBC,1937-07-31
19,Kylie,Joinsey,kjoinseyi,YDQmlm2K,1987-10-26
20,Shepherd,Etherton,sethertonj,7zf8KsN,1995-05-11
21,Ellsworth,Tilliard,etilliardk,GcXZhfn5E84D,1956-12-07
22,Domingo,O'Keenan,dokeenanl,YG9MpYSbzq,1958-04-06
23,Silvain,Moreman,smoremanm,INeKxAik,1982-04-16
24,Cecily,Povah,cpovahn,44CXnJvLO,1965-03-05
25,Sarina,Karoly,skarolyo,RczFfI2nBnpF,1988-06-20
